{
  "matches" : {
    "-LBUnGOjj3Nr5DXhI-j_" : {
      "imageUrl": "https://i.imgur.com/fF3Iiih.jpg",
      "liked" : false,
      "name" : "Cool Guy Mike",
      "uid" : "-LBUnGOjj3Nr5DXhI-j_"
    },
    "-LBUngosfmAxrQDx1xmH" : {
      "imageUrl": "https://i.imgur.com/kobQVOD.jpg",
      "liked" : true,
      "name" : "Mark the King",
      "uid" : "-LBUngosfmAxrQDx1xmH"
    },
    "-LBUnncHl-pz__UNHMyF" : {
      "imageUrl": "https://i.imgur.com/z4OKVlA.jpg",
      "liked" : false,
      "name" : "Overachiever Alex",
      "uid" : "-LBUnncHl-pz__UNHMyF"
    },
    "-LBUnwSPtSlyhvVHNbPb" : {
      "imageUrl": "https://i.imgur.com/0Sycoon.jpg",
      "liked" : false,
      "name" : "Iceman Judah",
      "uid" : "-LBUnwSPtSlyhvVHNbPb"
    },
    "-LBUo1JZiL1bZi2xxBHn" : {
      "imageUrl": "https://i.imgur.com/idPP9QQ.jpg",
      "liked" : true,
      "name" : "Hayden the Wrestler",
      "uid" : "-LBUo1JZiL1bZi2xxBHn"
    },
    "-LBUoAWHzXyxw5CQr5iV" : {
      "imageUrl": "https://i.imgur.com/a3omF7q.jpg",
      "liked" : false,
      "name" : "Money man Ben",
      "uid" : "-LBUoAWHzXyxw5CQr5iV"
    }
  }
}